title,project_name,city,locality,bhk,price_formatted,possession_status,amenities,cta_url,area_sqft,bathrooms,furnishing,address,images_url,summary,price
2BHK Apartment in Pristine02,Pristine02,Pune,Shivajinagar,2BHK,₹12.00 Cr,READY_TO_MOVE,No amenities listed,/project/pristine02-modelcolony-shivajinagar-pune-428955,972.0,2.0,UNFURNISHED,"sr no 13 beside godrej, opposite to mca stadium, sai nagar, mamurdi, pune ","[""https://pub-d28896f69c604ec5aa743cb0397740d9.r2.dev/1757011238541-c8a6e3aced460e18.jpg""]",,120000000
2BHK Apartment in Pristine02,Pristine02,Pune,Shivajinagar,2BHK,₹21.00 Cr,READY_TO_MOVE,No amenities listed,/project/pristine02-modelcolony-shivajinagar-pune-428955,188.73,3.0,UNFURNISHED,"sr no 13 beside godrej, opposite to mca stadium, sai nagar, mamurdi, pune ","[""https://pub-d28896f69c604ec5aa743cb0397740d9.r2.dev/1757011238542-bd3d1a40c2d7fadb.jpg""]",,210000000
1BHK Apartment in Gurukripa,Gurukripa,Mumbai,Chembur,1BHK,₹1.30 Cr,UNDER_CONSTRUCTION,No amenities listed,/project/gurukripa-ashoknagar-chembur-mumbai-086047,426.57,1.0,UNFURNISHED,"sindhi society, near swami vivekanand jr college, chembur, mumbai harbour, mumbai","[""https://pub-d28896f69c604ec5aa743cb0397740d9.r2.dev/1757322391106-7c383f81d9c66290.jpg""]",,13000000
1BHK Apartment in Gurukripa,Gurukripa,Mumbai,Chembur,1BHK,₹1.50 Cr,UNDER_CONSTRUCTION,No amenities listed,/project/gurukripa-ashoknagar-chembur-mumbai-086047,460.8,1.0,UNFURNISHED,"sindhi society, near swami vivekanand jr college, chembur, mumbai harbour, mumbai","[""https://pub-d28896f69c604ec5aa743cb0397740d9.r2.dev/1757322391150-9b806803ceb0c8b6.jpg""]",,15000000
3BHK Apartment in Gurukripa,Gurukripa,Mumbai,Chembur,3BHK,₹2.90 Cr,UNDER_CONSTRUCTION,No amenities listed,/project/gurukripa-ashoknagar-chembur-mumbai-086047,893.08,3.0,UNFURNISHED,"sindhi society, near swami vivekanand jr college, chembur, mumbai harbour, mumbai","[""https://pub-d28896f69c604ec5aa743cb0397740d9.r2.dev/1757322391167-19d3844213de86cb.jpg""]",,29000000
3BHK Apartment in Gurukripa,Gurukripa,Mumbai,Chembur,3BHK,₹2.90 Cr,UNDER_CONSTRUCTION,No amenities listed,/project/gurukripa-ashoknagar-chembur-mumbai-086047,918.27,3.0,UNFURNISHED,"sindhi society, near swami vivekanand jr college, chembur, mumbai harbour, mumbai","[""https://pub-d28896f69c604ec5aa743cb0397740d9.r2.dev/1757322391188-7b25319224e8a812.jpg""]",,29000000
2BHK Apartment in Gurukripa,Gurukripa,Mumbai,Chembur,2BHK,₹2.60 Cr,UNDER_CONSTRUCTION,No amenities listed,/project/gurukripa-ashoknagar-chembur-mumbai-086047,804.6,2.0,UNFURNISHED,"sindhi society, near swami vivekanand jr college, chembur, mumbai harbour, mumbai","[""https://pub-d28896f69c604ec5aa743cb0397740d9.r2.dev/1757322391202-e4d28b891dcb832f.jpg""]",,26000000
2BHK Apartment in Gurukripa,Gurukripa,Mumbai,Chembur,2BHK,₹3.30 Cr,UNDER_CONSTRUCTION,No amenities listed,/project/gurukripa-ashoknagar-chembur-mumbai-086047,1036.67,2.0,UNFURNISHED,"sindhi society, near swami vivekanand jr college, chembur, mumbai harbour, mumbai","[""https://pub-d28896f69c604ec5aa743cb0397740d9.r2.dev/1757322391218-4ca8b878a42de5ae.jpg""]",,33000000
1BHK Apartment in Hari om,Hari om,Mumbai,Chembur,1BHK,₹1.30 Cr,UNDER_CONSTRUCTION,No amenities listed,/project/hari-om-ashoknagar-chembur-mumbai-650559,443.37,1.0,UNFURNISHED,"cts 300, plot no 37, opposite midtown 71, sindhi society, chembur, mumbai, maharashtra 400071","[""https://pub-d28896f69c604ec5aa743cb0397740d9.r2.dev/1757324645448-dbde48f7805f3bd0.jpg""]",,13000000
2BHK Apartment in Hari om,Hari om,Mumbai,Chembur,2BHK,₹1.90 Cr,UNDER_CONSTRUCTION,No amenities listed,/project/hari-om-ashoknagar-chembur-mumbai-650559,644.11,2.0,UNFURNISHED,"cts 300, plot no 37, opposite midtown 71, sindhi society, chembur, mumbai, maharashtra 400071","[""https://pub-d28896f69c604ec5aa743cb0397740d9.r2.dev/1757324645449-b2f826d061804b98.jpg""]",,19000000
3BHK Apartment in Hari om,Hari om,Mumbai,Chembur,3BHK,₹2.30 Cr,UNDER_CONSTRUCTION,No amenities listed,/project/hari-om-ashoknagar-chembur-mumbai-650559,798.57,3.0,UNFURNISHED,"cts 300, plot no 37, opposite midtown 71, sindhi society, chembur, mumbai, maharashtra 400071","[""https://pub-d28896f69c604ec5aa743cb0397740d9.r2.dev/1757324645451-d9b3e0a968cfc871.jpg""]",,23000000
1BHK Apartment in Om makarand heights,Om makarand heights,Mumbai,Chembur,1BHK,₹8.50 L,UNDER_CONSTRUCTION,No amenities listed,/project/om-makarand-heights-ashoknagar-chembur-mumbai-716337,379.0,1.0,UNFURNISHED,"104, yashvant seth jadhav marg, gauri shankar wadi no. 2, savitribai phule nagar, pant nagar, ghatkopar east, mumbai, maharashtra 400075","[""https://pub-d28896f69c604ec5aa743cb0397740d9.r2.dev/1757325712591-aa79bad30786e10c.jpg""]",,850000
1BHK Apartment in Om makarand heights,Om makarand heights,Mumbai,Chembur,1BHK,₹7.90 L,UNDER_CONSTRUCTION,No amenities listed,/project/om-makarand-heights-ashoknagar-chembur-mumbai-716337,354.0,1.0,UNFURNISHED,"104, yashvant seth jadhav marg, gauri shankar wadi no. 2, savitribai phule nagar, pant nagar, ghatkopar east, mumbai, maharashtra 400075","[""https://pub-d28896f69c604ec5aa743cb0397740d9.r2.dev/1757325712594-cd33c56e7db9cd37.jpg""]",,790000
1BHK Apartment in Om makarand heights,Om makarand heights,Mumbai,Chembur,1BHK,₹8.80 L,UNDER_CONSTRUCTION,No amenities listed,/project/om-makarand-heights-ashoknagar-chembur-mumbai-716337,391.0,1.0,UNFURNISHED,"104, yashvant seth jadhav marg, gauri shankar wadi no. 2, savitribai phule nagar, pant nagar, ghatkopar east, mumbai, maharashtra 400075","[""https://pub-d28896f69c604ec5aa743cb0397740d9.r2.dev/1757325712598-d2ac8b8887119ad8.jpg""]",,880000
2BHK Apartment in Om makarand heights,Om makarand heights,Mumbai,Chembur,2BHK,₹1.20 Cr,UNDER_CONSTRUCTION,No amenities listed,/project/om-makarand-heights-ashoknagar-chembur-mumbai-716337,536.0,2.0,UNFURNISHED,"104, yashvant seth jadhav marg, gauri shankar wadi no. 2, savitribai phule nagar, pant nagar, ghatkopar east, mumbai, maharashtra 400075","[""https://pub-d28896f69c604ec5aa743cb0397740d9.r2.dev/1757325712607-8e031215d719e572.jpg""]",,12000000
2BHK Apartment in Om makarand heights,Om makarand heights,Mumbai,Chembur,2BHK,₹1.40 Cr,UNDER_CONSTRUCTION,No amenities listed,/project/om-makarand-heights-ashoknagar-chembur-mumbai-716337,650.0,2.0,UNFURNISHED,"104, yashvant seth jadhav marg, gauri shankar wadi no. 2, savitribai phule nagar, pant nagar, ghatkopar east, mumbai, maharashtra 400075","[""https://pub-d28896f69c604ec5aa743cb0397740d9.r2.dev/1757325712608-e94b60550c5c2690.jpg""]",,14000000
1BHK Apartment in Sainath Vrindavan,Sainath Vrindavan,Mumbai,Chembur,1BHK,₹1.20 Cr,UNDER_CONSTRUCTION,No amenities listed,/project/luxury-sainath-vrindavan-ashoknagar-chembur-mumbai-216861,457.57,1.0,UNFURNISHED,prataprao gujar rd neelam nagar mulund east mumbai maharashtra 400081,"[""https://pub-d28896f69c604ec5aa743cb0397740d9.r2.dev/1757400210665-ab087e966ba018ff.jpg""]",,12000000
2BHK Apartment in Sainath Vrindavan,Sainath Vrindavan,Mumbai,Chembur,2BHK,₹1.70 Cr,UNDER_CONSTRUCTION,No amenities listed,/project/luxury-sainath-vrindavan-ashoknagar-chembur-mumbai-216861,652.83,2.0,UNFURNISHED,prataprao gujar rd neelam nagar mulund east mumbai maharashtra 400081,"[""https://pub-d28896f69c604ec5aa743cb0397740d9.r2.dev/1757400210672-3f6998fafc9e8521.jpg""]",,17000000
2BHK Apartment in Sainath Vrindavan,Sainath Vrindavan,Mumbai,Chembur,2BHK,₹1.90 Cr,UNDER_CONSTRUCTION,No amenities listed,/project/luxury-sainath-vrindavan-ashoknagar-chembur-mumbai-216861,728.5,2.0,UNFURNISHED,prataprao gujar rd neelam nagar mulund east mumbai maharashtra 400081,"[""https://pub-d28896f69c604ec5aa743cb0397740d9.r2.dev/1757400210678-f61b2d8c4b4a4a50.jpg""]",,19000000
3BHK Apartment in Sainath Vrindavan,Sainath Vrindavan,Mumbai,Chembur,3BHK,₹3.30 Cr,UNDER_CONSTRUCTION,No amenities listed,/project/luxury-sainath-vrindavan-ashoknagar-chembur-mumbai-216861,1240.22,3.0,UNFURNISHED,prataprao gujar rd neelam nagar mulund east mumbai maharashtra 400081,"[""https://pub-d28896f69c604ec5aa743cb0397740d9.r2.dev/1757400210682-37e9e8c4f43b5b32.jpg""]",,33000000
1BHK Apartment in Avenue 15,Avenue 15,Mumbai,Chembur,1BHK,₹98.90 L,UNDER_CONSTRUCTION,No amenities listed,/project/avenue-15-ashoknagar-chembur-mumbai-140508,416.56,1.0,UNFURNISHED,avenue 15 ramesh barrel supplying company k.t.gupta wadi s.p.murai rd behind sewri road sewri w maharashtra 400015,"[""https://pub-d28896f69c604ec5aa743cb0397740d9.r2.dev/1757401136186-23bdb16c58a9e122.jpg""]",,9890000
1BHK Apartment in Avenue 15,Avenue 15,Mumbai,Chembur,1BHK,₹1.40 Cr,UNDER_CONSTRUCTION,No amenities listed,/project/avenue-15-ashoknagar-chembur-mumbai-140508,438.63,1.0,UNFURNISHED,avenue 15 ramesh barrel supplying company k.t.gupta wadi s.p.murai rd behind sewri road sewri w maharashtra 400015,"[""https://pub-d28896f69c604ec5aa743cb0397740d9.r2.dev/1757401136187-7ce77cd129550d77.jpg""]",,14000000
2BHK Apartment in Avenue 15,Avenue 15,Mumbai,Chembur,2BHK,₹1.50 Cr,UNDER_CONSTRUCTION,No amenities listed,/project/avenue-15-ashoknagar-chembur-mumbai-140508,653.15,2.0,UNFURNISHED,avenue 15 ramesh barrel supplying company k.t.gupta wadi s.p.murai rd behind sewri road sewri w maharashtra 400015,"[""https://pub-d28896f69c604ec5aa743cb0397740d9.r2.dev/1757401136188-b404a27ba98528f4.jpg""]",,15000000
Office Apartment in Swaroop Aditya Avenue,Swaroop Aditya Avenue,Mumbai,Chembur,Office,₹59.75 L,UNDER_CONSTRUCTION,No amenities listed,/project/swaroop-aditya-avenue-ashoknagar-chembur-mumbai-422427,239.0,1.0,UNFURNISHED,"swaroop aditya avenue, sheraton hotel, marol pipeline rd, near itc maratha, kanti nagar, j b nagar, andheri east, mumbai, maharashtra 400099","[""https://pub-d28896f69c604ec5aa743cb0397740d9.r2.dev/1757402417346-ede3eaf6864e2efa.jpg""]",,5975000
Office Apartment in Swaroop Aditya Avenue,Swaroop Aditya Avenue,Mumbai,Chembur,Office,₹77.20 L,UNDER_CONSTRUCTION,No amenities listed,/project/swaroop-aditya-avenue-ashoknagar-chembur-mumbai-422427,309.0,1.0,UNFURNISHED,"swaroop aditya avenue, sheraton hotel, marol pipeline rd, near itc maratha, kanti nagar, j b nagar, andheri east, mumbai, maharashtra 400099","[""https://pub-d28896f69c604ec5aa743cb0397740d9.r2.dev/1757402417347-f5e0ac2f495d60e1.jpg""]",,7720000
Office Apartment in Swaroop Aditya Avenue,Swaroop Aditya Avenue,Mumbai,Chembur,Office,₹1.50 Cr,UNDER_CONSTRUCTION,No amenities listed,/project/swaroop-aditya-avenue-ashoknagar-chembur-mumbai-422427,634.0,0.0,UNFURNISHED,"swaroop aditya avenue, sheraton hotel, marol pipeline rd, near itc maratha, kanti nagar, j b nagar, andheri east, mumbai, maharashtra 400099","[""https://pub-d28896f69c604ec5aa743cb0397740d9.r2.dev/1757402417348-9bfc082c0bba270f.jpg""]",,15000000
2BHK Apartment in Marigold miraaya ,Marigold miraaya ,Mumbai,Chembur,2BHK,₹89.00 L,UNDER_CONSTRUCTION,No amenities listed,/project/luxury-marigold-miraaya--ashoknagar-chembur-mumbai-870766,637.76,2.0,UNFURNISHED,"marigold miraaya, purushottam kheraj rd, asha nagar, mulund west, mumbai, maharashtra 400080","[""https://pub-d28896f69c604ec5aa743cb0397740d9.r2.dev/1757403866054-3b21d5295d1b7bce.jpg""]",,8900000
2BHK Apartment in Marigold miraaya ,Marigold miraaya ,Mumbai,Chembur,2BHK,₹1.00 Cr,UNDER_CONSTRUCTION,No amenities listed,/project/luxury-marigold-miraaya--ashoknagar-chembur-mumbai-870766,783.83,2.0,UNFURNISHED,"marigold miraaya, purushottam kheraj rd, asha nagar, mulund west, mumbai, maharashtra 400080","[""https://pub-d28896f69c604ec5aa743cb0397740d9.r2.dev/1757403866054-19520d6cb5866f61.jpg""]",,10000000
2BHK Apartment in Marigold miraaya ,Marigold miraaya ,Mumbai,Chembur,2BHK,₹1.00 Cr,UNDER_CONSTRUCTION,No amenities listed,/project/luxury-marigold-miraaya--ashoknagar-chembur-mumbai-870766,719.46,2.0,UNFURNISHED,"marigold miraaya, purushottam kheraj rd, asha nagar, mulund west, mumbai, maharashtra 400080","[""https://pub-d28896f69c604ec5aa743cb0397740d9.r2.dev/1757403866054-18d491c4116a4a1d.jpg""]",,10000000
3BHK Apartment in Marigold miraaya ,Marigold miraaya ,Mumbai,Chembur,3BHK,₹1.50 Cr,UNDER_CONSTRUCTION,No amenities listed,/project/luxury-marigold-miraaya--ashoknagar-chembur-mumbai-870766,1090.59,3.0,UNFURNISHED,"marigold miraaya, purushottam kheraj rd, asha nagar, mulund west, mumbai, maharashtra 400080","[""https://pub-d28896f69c604ec5aa743cb0397740d9.r2.dev/1757403866055-12dde6891b923a80.jpg""]",,15000000
1BHK Apartment in Balaji Kanha	,Balaji Kanha	,Mumbai,Chembur,1BHK,₹41.90 L,UNDER_CONSTRUCTION,No amenities listed,/project/balaji-kanha--ashoknagar-chembur-mumbai-678207,422.0,1.0,UNFURNISHED,64c5+c63 dombivli east dombivli maharashtra 421301,"[""https://pub-d28896f69c604ec5aa743cb0397740d9.r2.dev/1757409672775-37d2dedeb898bfd3.jpg""]",,4190000
2BHK Apartment in Balaji Kanha	,Balaji Kanha	,Mumbai,Chembur,2BHK,₹57.70 L,UNDER_CONSTRUCTION,No amenities listed,/project/balaji-kanha--ashoknagar-chembur-mumbai-678207,580.0,2.0,UNFURNISHED,64c5+c63 dombivli east dombivli maharashtra 421301,"[""https://pub-d28896f69c604ec5aa743cb0397740d9.r2.dev/1757409672776-55a3d0d5d7d3bb44.jpg""]",,5770000
2BHK Apartment in Bhoomi antara ,Bhoomi antara ,Mumbai,Chembur,2BHK,₹1.70 Cr,UNDER_CONSTRUCTION,No amenities listed,/project/luxury-bhoomi-antara--ashoknagar-chembur-mumbai-093979,518.71,2.0,UNFURNISHED,"3wg5+chm, 90 feet rd, garodia nagar, ghatkopar east, mumbai, maharashtra 400077","[""https://pub-d28896f69c604ec5aa743cb0397740d9.r2.dev/1757411089520-1fd3665afc1a746a.jpg""]",,17000000
2BHK Apartment in Bhoomi antara ,Bhoomi antara ,Mumbai,Chembur,2BHK,₹2.40 Cr,UNDER_CONSTRUCTION,No amenities listed,/project/luxury-bhoomi-antara--ashoknagar-chembur-mumbai-093979,712.68,2.0,UNFURNISHED,"3wg5+chm, 90 feet rd, garodia nagar, ghatkopar east, mumbai, maharashtra 400077","[""https://pub-d28896f69c604ec5aa743cb0397740d9.r2.dev/1757411089524-f866cded7e572242.jpg""]",,24000000
3BHK Apartment in Bhoomi antara ,Bhoomi antara ,Mumbai,Chembur,3BHK,₹3.70 Cr,UNDER_CONSTRUCTION,No amenities listed,/project/luxury-bhoomi-antara--ashoknagar-chembur-mumbai-093979,1098.46,3.0,UNFURNISHED,"3wg5+chm, 90 feet rd, garodia nagar, ghatkopar east, mumbai, maharashtra 400077","[""https://pub-d28896f69c604ec5aa743cb0397740d9.r2.dev/1757411089525-9e16be48ea1c5dca.jpg""]",,37000000
1BHK Apartment in Arkade Prime,Arkade Prime,Mumbai,Chembur,1BHK,₹1.20 Cr,UNDER_CONSTRUCTION,No amenities listed,/project/luxury-arkade-prime-ashoknagar-chembur-mumbai-906049,425.39,1.0,UNFURNISHED,"makwana rd, gamdevi, marol, andheri east, mumbai, maharashtra 400059","[""https://pub-d28896f69c604ec5aa743cb0397740d9.r2.dev/1757411900105-0cd46f586c660d51.jpg""]",,12000000
2BHK Apartment in Arkade Prime,Arkade Prime,Mumbai,Chembur,2BHK,₹1.70 Cr,UNDER_CONSTRUCTION,No amenities listed,/project/luxury-arkade-prime-ashoknagar-chembur-mumbai-906049,589.43,2.0,UNFURNISHED,"makwana rd, gamdevi, marol, andheri east, mumbai, maharashtra 400059","[""https://pub-d28896f69c604ec5aa743cb0397740d9.r2.dev/1757411900106-3270032d1b3b29a6.jpg""]",,17000000
Office space Apartment in Arkade Prime,Arkade Prime,Mumbai,Chembur,Office space,₹2.10 Cr,UNDER_CONSTRUCTION,No amenities listed,/project/luxury-arkade-prime-ashoknagar-chembur-mumbai-906049,710.63,1.0,UNFURNISHED,"makwana rd, gamdevi, marol, andheri east, mumbai, maharashtra 400059","[""https://pub-d28896f69c604ec5aa743cb0397740d9.r2.dev/1757411900108-5b7ad0636af0eef0.jpg""]",,21000000
2BHK Apartment in Glory,Glory,Pune,Punawale,2BHK,₹6.70 Cr,UNDER_CONSTRUCTION,No amenities listed,/project/luxury-glory-katewasti-punawale-pune-268353,835.0,0.0,UNFURNISHED," kate wasti rd, kate wasti, punawale, pimpri-chinchwad, dattwadi, maharashtra 411033","[""https://pub-d28896f69c604ec5aa743cb0397740d9.r2.dev/1757416263441-db4005e8699b54f5.jpg""]",,67000000
3BHK Apartment in Glory,Glory,Pune,Punawale,3BHK,₹8.60 Cr,UNDER_CONSTRUCTION,No amenities listed,/project/luxury-glory-katewasti-punawale-pune-268353,1064.0,3.0,UNFURNISHED," kate wasti rd, kate wasti, punawale, pimpri-chinchwad, dattwadi, maharashtra 411033","[""https://pub-d28896f69c604ec5aa743cb0397740d9.r2.dev/1757416263443-efccc3b7b11a9cf6.jpg""]",,86000000
3BHK Apartment in Glory,Glory,Pune,Punawale,3BHK,₹9.60 Cr,UNDER_CONSTRUCTION,No amenities listed,/project/luxury-glory-katewasti-punawale-pune-268353,1185.0,3.0,UNFURNISHED," kate wasti rd, kate wasti, punawale, pimpri-chinchwad, dattwadi, maharashtra 411033","[""https://pub-d28896f69c604ec5aa743cb0397740d9.r2.dev/1757416263445-61ad0a336e5cd7e8.jpg""]",,96000000
1BHK Apartment in Antriksh,Antriksh,Pune,Camp,1BHK,₹56.49 L,UNDER_CONSTRUCTION,No amenities listed,/project/luxury-antriksh-somwarpeth-camp-pune-997560,269.1,1.0,UNFURNISHED,"cts no 391, station rd, opp. zilla parishad, mangalwar peth, somwar peth, pune, maharashtra 411011","[""https://pub-d28896f69c604ec5aa743cb0397740d9.r2.dev/1757486991482-830ba2f79d951b2a.jpg""]",,5649000
2BHK Apartment in Antriksh,Antriksh,Pune,Camp,2BHK,₹1.43 Cr,UNDER_CONSTRUCTION,No amenities listed,/project/luxury-antriksh-somwarpeth-camp-pune-997560,685.0,2.0,UNFURNISHED,"cts no 391, station rd, opp. zilla parishad, mangalwar peth, somwar peth, pune, maharashtra 411011","[""https://pub-d28896f69c604ec5aa743cb0397740d9.r2.dev/1757486991494-9ac904a02c4e153c.jpg""]",,14300000
2BHK Apartment in Antriksh,Antriksh,Pune,Camp,2BHK,₹1.89 Cr,UNDER_CONSTRUCTION,No amenities listed,/project/luxury-antriksh-somwarpeth-camp-pune-997560,900.0,2.0,UNFURNISHED,"cts no 391, station rd, opp. zilla parishad, mangalwar peth, somwar peth, pune, maharashtra 411011",[],,18900000
3BHK Apartment in Antriksh,Antriksh,Pune,Camp,3BHK,₹2.29 Cr,UNDER_CONSTRUCTION,No amenities listed,/project/luxury-antriksh-somwarpeth-camp-pune-997560,1095.0,3.0,UNFURNISHED,"cts no 391, station rd, opp. zilla parishad, mangalwar peth, somwar peth, pune, maharashtra 411011","[""https://pub-d28896f69c604ec5aa743cb0397740d9.r2.dev/1757486991505-2373b8e162de669f.jpg""]",,22900000
4.5BHK Apartment in 16 Lakaki,16 Lakaki,Pune,Shivajinagar,4.5BHK,₹5.58 Cr,UNDER_CONSTRUCTION,Key amenities not specified,/project/16-lakaki-modelcolony-shivajinagar-pune-470663,2650.0,4.0,UNFURNISHED,"1102/a/48, lakaki rd, model colony, shivajinagar, pune, maharashtra 411016","[""https://pub-d28896f69c604ec5aa743cb0397740d9.r2.dev/1757488967185-54cee65e85919c06.jpg""]",sdfghgvbndfgh,55800000
3BHK Apartment in Dinmanee ,Dinmanee ,Pune,Shivajinagar,3BHK,₹2.54 Cr,UNDER_CONSTRUCTION,No amenities listed,/project/luxury-dinmanee--modelcolony-shivajinagar-pune-878430,1065.0,3.0,UNFURNISHED,"dinmanee, squadron leader sureshchandra bhagwat rd, model colony, shivajinagar, pune, maharashtra 411016","[""https://pub-d28896f69c604ec5aa743cb0397740d9.r2.dev/1757495874342-f91c6d45130b2367.jpg""]",,25400000
1BHK Apartment in Zoa Building - 2 Wing A,Zoa Building - 2 Wing A,Pune,Mundhwa,1BHK,₹74.99 L,UNDER_CONSTRUCTION,No amenities listed,/project/zoa-building-2-wing-a-keshavnagar-mundhwa-pune-757777,450.0,1.0,UNFURNISHED,"sr.no.36 zoa, keshav nagar,neatr renuka mata temple mundhwa, pune 411036","[""https://pub-d28896f69c604ec5aa743cb0397740d9.r2.dev/1757497751961-e4b9f6b35ff84fc4.jpg""]",,7499000
2BHK Apartment in Zoa Building - 2 Wing A,Zoa Building - 2 Wing A,Pune,Mundhwa,2BHK,₹1.41 Cr,UNDER_CONSTRUCTION,No amenities listed,/project/zoa-building-2-wing-a-keshavnagar-mundhwa-pune-757777,850.0,2.0,UNFURNISHED,"sr.no.36 zoa, keshav nagar,neatr renuka mata temple mundhwa, pune 411036","[""https://pub-d28896f69c604ec5aa743cb0397740d9.r2.dev/1757497751962-181b9fb00f69e030.jpg""]",,14100000
2BHK Apartment in Leela by Empyrean Landmarks - Phase 1 & 2,Leela by Empyrean Landmarks - Phase 1 & 2,Pune,Kharadi,2BHK,₹1.36 Cr,UNDER_CONSTRUCTION,No amenities listed,/project/leela-by-empyrean-landmar-thitenagar-kharadi-pune-887385,774.0,2.0,UNFURNISHED,"survey no. 18-19, plot no. p7, river road, thite nagar, kharadi, pune, maharashtra 411014","[""https://pub-d28896f69c604ec5aa743cb0397740d9.r2.dev/1757499882366-5ff9be2083ac3230.jpg""]",,13600000
3BHK Apartment in Leela by Empyrean Landmarks - Phase 1 & 2,Leela by Empyrean Landmarks - Phase 1 & 2,Pune,Kharadi,3BHK,₹1.39 Cr,UNDER_CONSTRUCTION,No amenities listed,/project/leela-by-empyrean-landmar-thitenagar-kharadi-pune-887385,1044.0,3.0,UNFURNISHED,"survey no. 18-19, plot no. p7, river road, thite nagar, kharadi, pune, maharashtra 411014","[""https://pub-d28896f69c604ec5aa743cb0397740d9.r2.dev/1757499882368-39d519773fe47182.jpg""]",,13900000
2BHK Apartment in Midori Towers,Midori Towers,Pune,Shivajinagar,2BHK,₹6.68 Cr,UNDER_CONSTRUCTION,No amenities listed,/project/midori-towers-modelcolony-shivajinagar-pune-449745,912.0,2.0,UNFURNISHED,"sai nagar, mamurdi, dehu road, maharashtra 412101","[""https://pub-d28896f69c604ec5aa743cb0397740d9.r2.dev/1757502445783-07ddd86f8b94a188.jpg""]",,66800000
2BHK Apartment in Santiago Skytown,Santiago Skytown,Pune,Ravet,2BHK,₹78.43 Cr,UNDER_CONSTRUCTION,No amenities listed,/project/santiago-skytown-vikasnagar-ravet-pune-632333,767.0,2.0,UNFURNISHED,"santiago sky town, mp9r+2jg, ravet rd, vikas nagar, ravet, pimpri-chinchwad, dehu road, maharashtra 412101","[""https://pub-d28896f69c604ec5aa743cb0397740d9.r2.dev/1757508627511-f415324344fe391c.jpg""]",,784300000
2BHK Apartment in Santiago Skytown,Santiago Skytown,Pune,Ravet,2BHK,₹80.37 L,UNDER_CONSTRUCTION,No amenities listed,/project/santiago-skytown-vikasnagar-ravet-pune-632333,786.0,2.0,UNFURNISHED,"santiago sky town, mp9r+2jg, ravet rd, vikas nagar, ravet, pimpri-chinchwad, dehu road, maharashtra 412101","[""https://pub-d28896f69c604ec5aa743cb0397740d9.r2.dev/1757508627515-f85803015d61e3d3.jpg""]",,8037000
3BHK Apartment in Santiago Skytown,Santiago Skytown,Pune,Ravet,3BHK,₹1.39 Cr,UNDER_CONSTRUCTION,No amenities listed,/project/santiago-skytown-vikasnagar-ravet-pune-632333,1017.0,3.0,UNFURNISHED,"santiago sky town, mp9r+2jg, ravet rd, vikas nagar, ravet, pimpri-chinchwad, dehu road, maharashtra 412101","[""https://pub-d28896f69c604ec5aa743cb0397740d9.r2.dev/1757508627516-8162911bdda309f0.jpg""]",,13900000
2BHK Apartment in The silver altair ,The silver altair ,Pune,Ravet,2BHK,₹84.09 L,UNDER_CONSTRUCTION,No amenities listed,/project/the-silver-altair--pcmc-ravet-pune-945470,880.0,1.0,UNFURNISHED,"the silver altair project sr.no. 8/1,12/5 near mngl cng station , aundh ravet brts rd, ravet","[""https://pub-d28896f69c604ec5aa743cb0397740d9.r2.dev/1757509935800-7ec66eb73cfad6b5.jpg""]",,8409000
2BHK Apartment in The silver altair ,The silver altair ,Pune,Ravet,2BHK,₹88.85 L,UNDER_CONSTRUCTION,No amenities listed,/project/the-silver-altair--pcmc-ravet-pune-945470,921.0,2.0,UNFURNISHED,"the silver altair project sr.no. 8/1,12/5 near mngl cng station , aundh ravet brts rd, ravet","[""https://pub-d28896f69c604ec5aa743cb0397740d9.r2.dev/1757509935801-4a6e51cf542453de.jpg""]",,8885000
3BHK Apartment in The silver altair ,The silver altair ,Pune,Ravet,3BHK,₹1.10 Cr,UNDER_CONSTRUCTION,No amenities listed,/project/the-silver-altair--pcmc-ravet-pune-945470,1048.0,3.0,UNFURNISHED,"the silver altair project sr.no. 8/1,12/5 near mngl cng station , aundh ravet brts rd, ravet","[""https://pub-d28896f69c604ec5aa743cb0397740d9.r2.dev/1757509935802-e9fd330d696b020e.jpg""]",,11000000
1BHK Apartment in Ashwini,Ashwini,Mumbai,Chembur,1BHK,₹1.11 Cr,UNDER_CONSTRUCTION,No amenities listed,/project/luxury-ashwini-ashoknagar-chembur-mumbai-675058,123.0,1.0,UNFURNISHED,mumbai chembur,"[""https://pub-d28896f69c604ec5aa743cb0397740d9.r2.dev/1756971672464-1e5179453b5df91d.jpg""]",,11111111
2BHK Apartment in Ashwini,Ashwini,Mumbai,Chembur,2BHK,₹2.22 Cr,UNDER_CONSTRUCTION,No amenities listed,/project/luxury-ashwini-ashoknagar-chembur-mumbai-675058,456.0,0.0,UNFURNISHED,mumbai chembur,"[""https://pub-d28896f69c604ec5aa743cb0397740d9.r2.dev/1756971672464-7c8c73119cb2047b.jpg""]",,22222222
2BHK Apartment in Sonai Clara,Sonai Clara,Pune,Ravet,2BHK,₹79.16 L,UNDER_CONSTRUCTION,No amenities listed,/project/sonai-clara-brtlinkrd-ravet-pune-029297,719.0,2.0,UNFURNISHED,"brt link rd, ravet, pimpri-chinchwad, maharashtra 412101","[""https://pub-d28896f69c604ec5aa743cb0397740d9.r2.dev/1757507025374-6b9222f0e2694408.jpg""]",,7916000
2BHK Apartment in Sonai Clara,Sonai Clara,Pune,Ravet,2BHK,₹76.24 L,UNDER_CONSTRUCTION,No amenities listed,/project/sonai-clara-brtlinkrd-ravet-pune-029297,714.0,2.0,UNFURNISHED,"brt link rd, ravet, pimpri-chinchwad, maharashtra 412101","[""https://pub-d28896f69c604ec5aa743cb0397740d9.r2.dev/1757507025375-b7d209814ec2b899.jpg"",""https://pub-d28896f69c604ec5aa743cb0397740d9.r2.dev/1757573877398-e4d685da0a0dfae1.jpg""]",,7624000
3BHK Apartment in Sonai Clara,Sonai Clara,Pune,Ravet,3BHK,₹99.00 L,UNDER_CONSTRUCTION,No amenities listed,/project/sonai-clara-brtlinkrd-ravet-pune-029297,954.0,3.0,UNFURNISHED,"brt link rd, ravet, pimpri-chinchwad, maharashtra 412101","[""https://pub-d28896f69c604ec5aa743cb0397740d9.r2.dev/1757507025385-aedb0110dffa5f27.jpg""]",,9900000
3BHK Apartment in Sonai Clara,Sonai Clara,Pune,Ravet,3BHK,₹1.10 Cr,UNDER_CONSTRUCTION,No amenities listed,/project/sonai-clara-brtlinkrd-ravet-pune-029297,973.0,3.0,UNFURNISHED,"brt link rd, ravet, pimpri-chinchwad, maharashtra 412101",[],,11000000
5BHK Apartment in testing,testing,Pune,Shivajinagar,5BHK,₹1.01 Cr,READY_TO_MOVE,Key amenities not specified,/project/testing-modelcolony-shivajinagar-pune-301013,9.79,5.0,UNFURNISHED,asdfgh,"[""https://pub-d28896f69c604ec5aa743cb0397740d9.r2.dev/1758174623697-27c4f71a991e078c.jpg""]",sdfghjhgfdfghjgfdfghgfgh,10088000
2BHK Apartment in testing,testing,Pune,Shivajinagar,2BHK,₹98.00 Cr,READY_TO_MOVE,Key amenities not specified,/project/testing-modelcolony-shivajinagar-pune-301013,9.0,2.0,SEMI_FURNISHED,asdfgh,"[""https://pub-d28896f69c604ec5aa743cb0397740d9.r2.dev/1758174963765-07ee6ee92139cc03.jpeg""]",sdfghjhgfdfghjgfdfghgfgh,980000000
2BHK Apartment in testing,testing,Pune,Shivajinagar,2BHK,₹12.00 Cr,READY_TO_MOVE,Key amenities not specified,/project/testing-modelcolony-shivajinagar-pune-301013,3.0,2.0,UNFURNISHED,asdfgh,"[""https://pub-d28896f69c604ec5aa743cb0397740d9.r2.dev/1758175122464-0dead4f474b5ccbc.jpg""]",sdfghjhgfdfghjgfdfghgfgh,120000000
4BHK Apartment in TESTING,TESTING,Pune,Camp,4BHK,₹2.00 Cr,READY_TO_MOVE,Key amenities not specified,/project/testing-somwarpeth-camp-pune-281770,12.0,1.0,SEMI_FURNISHED,address,"[""https://pub-d28896f69c604ec5aa743cb0397740d9.r2.dev/1758450157413-fd5b7567dbd1a680.png""]",PROJECT SUMMARY,20000000
4.5BHK Apartment in TESTING,TESTING,Pune,Camp,4.5BHK,₹1.00 Cr,READY_TO_MOVE,Key amenities not specified,/project/testing-somwarpeth-camp-pune-281770,122.0,1.0,UNFURNISHED,address,"[""https://pub-d28896f69c604ec5aa743cb0397740d9.r2.dev/1758450157414-15c5ef82cad99022.jpg""]",PROJECT SUMMARY,10000000
House_Villa Apartment in testing igi,testing igi,Pune,Camp,House_Villa,₹8.00 Cr,READY_TO_MOVE,Key amenities not specified,/project/testing-igi-somwarpeth-camp-pune-541659,8.0,5.0,SEMI_FURNISHED,awsedrftgyhujk,"[""https://pub-d28896f69c604ec5aa743cb0397740d9.r2.dev/1758607532944-b93d0b2a52058cc7.webp""]",aqwsedrftgyhujikozsxdcfvgbhjnkm,80000000
3BHK Apartment in testing igi,testing igi,Pune,Camp,3BHK,₹96.00 Cr,READY_TO_MOVE,Key amenities not specified,/project/testing-igi-somwarpeth-camp-pune-541659,69.0,3.0,UNFURNISHED,awsedrftgyhujk,"[""https://pub-d28896f69c604ec5aa743cb0397740d9.r2.dev/1758607532944-e10a4f6be6b3cc76.jpg""]",aqwsedrftgyhujikozsxdcfvgbhjnkm,960000000
4BHK Apartment in some project testing,some project testing,Pune,Camp,4BHK,₹3.00 Cr,UNDER_CONSTRUCTION,Key amenities not specified,/project/some-project-testing-somwarpeth-camp-pune-246958,2.0,4.0,UNFURNISHED,address,"[""https://pub-d28896f69c604ec5aa743cb0397740d9.r2.dev/1758620243242-5810bb1b43a5db87.webp""]",project summary,30000000
1BHK Apartment in QUEENS PARK,QUEENS PARK,Mumbai,Chembur,1BHK,₹1.09 Cr,UNDER_CONSTRUCTION,"Good Connectivity, Modern Living, Good Infrastructure",/project/queens-park-subhashnagar-chembur-mumbai-554402,413.23,1.0,UNFURNISHED,"building no 10, subhash nagar redevelopment cluster, subhash nagar, chembur, mumbai, maharashtra 400071","[""https://pub-d28896f69c604ec5aa743cb0397740d9.r2.dev/1758705551546-edea4e482b14fe41.jpg""]","Queens Park by Vaibhavlaxmi builder & developer is a well-designed residential development in Chembur, Mumbai. It provides contemporary features, convenient connectivity, and peaceful living, all supported by the developer's long-standing heritage and adherence to excellence. Situated in a well-developed suburb with the best infrastructure and great connectivity, the project meets the needs of the city life while affording peace and ease of living.",10900000
2BHK Apartment in QUEENS PARK,QUEENS PARK,Mumbai,Chembur,2BHK,₹1.87 Cr,UNDER_CONSTRUCTION,"Good Connectivity, Modern Living, Good Infrastructure",/project/queens-park-subhashnagar-chembur-mumbai-554402,705.14,2.0,UNFURNISHED,"building no 10, subhash nagar redevelopment cluster, subhash nagar, chembur, mumbai, maharashtra 400071","[""https://pub-d28896f69c604ec5aa743cb0397740d9.r2.dev/1758705551548-68b2c475624ac9aa.jpg""]","Queens Park by Vaibhavlaxmi builder & developer is a well-designed residential development in Chembur, Mumbai. It provides contemporary features, convenient connectivity, and peaceful living, all supported by the developer's long-standing heritage and adherence to excellence. Situated in a well-developed suburb with the best infrastructure and great connectivity, the project meets the needs of the city life while affording peace and ease of living.",18700000
2BHK Apartment in QUEENS PARK,QUEENS PARK,Mumbai,Chembur,2BHK,₹1.72 Cr,UNDER_CONSTRUCTION,"Good Connectivity, Modern Living, Good Infrastructure",/project/queens-park-subhashnagar-chembur-mumbai-554402,646.91,2.0,UNFURNISHED,"building no 10, subhash nagar redevelopment cluster, subhash nagar, chembur, mumbai, maharashtra 400071","[""https://pub-d28896f69c604ec5aa743cb0397740d9.r2.dev/1758705551550-8dd99bd7e0de26db.jpg""]","Queens Park by Vaibhavlaxmi builder & developer is a well-designed residential development in Chembur, Mumbai. It provides contemporary features, convenient connectivity, and peaceful living, all supported by the developer's long-standing heritage and adherence to excellence. Situated in a well-developed suburb with the best infrastructure and great connectivity, the project meets the needs of the city life while affording peace and ease of living.",17200000
3BHK Apartment in QUEENS PARK,QUEENS PARK,Mumbai,Chembur,3BHK,₹2.39 Cr,UNDER_CONSTRUCTION,"Good Connectivity, Modern Living, Good Infrastructure",/project/queens-park-subhashnagar-chembur-mumbai-554402,901.26,3.0,UNFURNISHED,"building no 10, subhash nagar redevelopment cluster, subhash nagar, chembur, mumbai, maharashtra 400071","[""https://pub-d28896f69c604ec5aa743cb0397740d9.r2.dev/1758705551551-635af274c30c9045.jpg""]","Queens Park by Vaibhavlaxmi builder & developer is a well-designed residential development in Chembur, Mumbai. It provides contemporary features, convenient connectivity, and peaceful living, all supported by the developer's long-standing heritage and adherence to excellence. Situated in a well-developed suburb with the best infrastructure and great connectivity, the project meets the needs of the city life while affording peace and ease of living.",23900000
3BHK Apartment in testring999,testring999,Pune,Camp,3BHK,₹8.00 Cr,UNDER_CONSTRUCTION,Key amenities not specified,/project/testring999-somwarpeth-camp-pune-222053,7.0,3.0,UNFURNISHED,sdfghj,"[""https://pub-d28896f69c604ec5aa743cb0397740d9.r2.dev/1758708115716-b28e6ee1732f2e2b.webp""]",dsgfhjk,80000000
1RK  Apartment in Queens Glory,Queens Glory,Mumbai,Chembur,1RK ,₹79.44 L,UNDER_CONSTRUCTION,"Good Connectivity, Modern Living, Good Infrastructure",/project/queens-glory-subhashnagar-chembur-mumbai-539772,331.85,1.0,UNFURNISHED,"building no 10, subhash nagar redevelopment cluster, subhash nagar, chembur, mumbai, maharashtra 400071","[""https://pub-d28896f69c604ec5aa743cb0397740d9.r2.dev/1758713537116-09ebbf05ef9abbaa.jpg""]","Queens Glory by VaibhavLaxmi Builders and Developers is a well-designed residential development in Chembur, Mumbai. It provides contemporary features, convenient connectivity, and peaceful living, all supported by the developer's long-standing heritage and adherence to excellence. Situated in a well-developed suburb with the best infrastructure and great connectivity, the project meets the needs of the city life while affording peace and ease of living.",7944000
1BHK Apartment in Queens Avenue,Queens Avenue,Mumbai,Chembur,1BHK,₹1.07 Cr,UNDER_CONSTRUCTION,"Nearby Schools, Nearby Hospitals, Shopping Access",/project/queens-avenue-subhashnagar-chembur-mumbai-949624,396.97,1.0,UNFURNISHED,"subhash nagar, chembur, mumbai harbour, mumbai","[""https://pub-d28896f69c604ec5aa743cb0397740d9.r2.dev/1758714944560-7c164d7b1cc645f7.jpg""]","Vaibhavlaxmi Queens Avenue offers well-ventilated homes in Chembur East, combining luxury with modern living standards. With easy access to essential amenities, including schools, hospitals, and shopping malls, the project ensures a convenient lifestyle. Developed by Vaibhavlaxmi Developers, a renowned name in Mumbai's real estate sector, the project promises quality construction and timely delivery, making it a top choice for those seeking an ideal urban living experience.",10700000
2BHK Apartment in Queens Avenue,Queens Avenue,Mumbai,Chembur,2BHK,₹1.53 Cr,UNDER_CONSTRUCTION,"Nearby Schools, Nearby Hospitals, Shopping Access",/project/queens-avenue-subhashnagar-chembur-mumbai-949624,568.98,2.0,UNFURNISHED,"subhash nagar, chembur, mumbai harbour, mumbai","[""https://pub-d28896f69c604ec5aa743cb0397740d9.r2.dev/1758714944561-7778f9768558b3c0.jpg""]","Vaibhavlaxmi Queens Avenue offers well-ventilated homes in Chembur East, combining luxury with modern living standards. With easy access to essential amenities, including schools, hospitals, and shopping malls, the project ensures a convenient lifestyle. Developed by Vaibhavlaxmi Developers, a renowned name in Mumbai's real estate sector, the project promises quality construction and timely delivery, making it a top choice for those seeking an ideal urban living experience.",15300000
2BHK Apartment in Queens Avenue,Queens Avenue,Mumbai,Chembur,2BHK,₹1.67 Cr,UNDER_CONSTRUCTION,"Nearby Schools, Nearby Hospitals, Shopping Access",/project/queens-avenue-subhashnagar-chembur-mumbai-949624,619.89,2.0,UNFURNISHED,"subhash nagar, chembur, mumbai harbour, mumbai","[""https://pub-d28896f69c604ec5aa743cb0397740d9.r2.dev/1758714944562-e50632ef4ec31e1b.jpg""]","Vaibhavlaxmi Queens Avenue offers well-ventilated homes in Chembur East, combining luxury with modern living standards. With easy access to essential amenities, including schools, hospitals, and shopping malls, the project ensures a convenient lifestyle. Developed by Vaibhavlaxmi Developers, a renowned name in Mumbai's real estate sector, the project promises quality construction and timely delivery, making it a top choice for those seeking an ideal urban living experience.",16700000
1BHK Apartment in Kedar Residency,Kedar Residency,Pune,Shivajinagar,1BHK,₹3.04 Cr,READY_TO_MOVE,No amenities listed,/project/kedar-residency-modelcolony-shivajinagar-pune-678656,497.0,1.0,FURNISHED,"mp78+p45, st tukaram nagar, mamurdi, dehu road, maharashtra 412101","[""https://pub-d28896f69c604ec5aa743cb0397740d9.r2.dev/1757505674367-357debf889702320.jpg""]",,30400000
2BHK Apartment in Kedar Residency,Kedar Residency,Pune,Shivajinagar,2BHK,₹4.90 Cr,READY_TO_MOVE,No amenities listed,/project/kedar-residency-modelcolony-shivajinagar-pune-678656,805.0,0.0,UNFURNISHED,"mp78+p45, st tukaram nagar, mamurdi, dehu road, maharashtra 412101","[""https://pub-d28896f69c604ec5aa743cb0397740d9.r2.dev/1757505674385-88d968255a68bec4.jpg""]",,49000000
